Variable,Estimation avec notre modele,Estimation avec sklearn
intercept,13.080793817289377,13.080793817286096
age_at_draft,-0.3045205104757859,-0.3045205104756489
Pivot-Ailier fort,4.034691358575164,4.0346913585753885
Ailier,-0.7234487941639314,-0.7234487941637724
Ailier fort-Pivot,3.001186408342988,3.001186408343247
Ailier-Arrière,1.3187908152832855,1.3187908152837458
Arrière,-0.7798508501587376,-0.7798508501585646
Arrière-Ailier,1.8896096332011794,1.889609633201391
