Variable,Estimation,Borne inférieure,Borne supérieure
intercept,13.080793817289377,11.213999931557629,14.947587703021126
age_at_draft,-0.3045205104757859,-0.3859701080847883,-0.22307091286678343
Pivot-Ailier fort,4.034691358575164,2.580194302745575,5.489188414404753
Ailier,-0.7234487941639314,-1.2422236522752064,-0.20467393605265627
Ailier fort-Pivot,3.001186408342988,1.803236289659446,4.19913652702653
Ailier-Arrière,1.3187908152832855,-0.2030410709466941,2.840622701513265
Arrière,-0.7798508501587376,-1.300981767508112,-0.25871993280936334
Arrière-Ailier,1.8896096332011794,0.8056027975544384,2.9736164688479203
